{
      "course": [
            {
                  "name": "python",
                  "description": "the best",
                  "modules_count": 12,
                  "price": 20,
                  "active_students": 0,
                  "create_date": "2023-12-14 15:40:10.338130",
                  "users": [
                        123
                  ]
            },
            {
                  "name": "java",
                  "description": "backend",
                  "modules_count": "10",
                  "price": 120,
                  "active_students": 0,
                  "create_date": "2023-12-15 23:38:38.078739",
                  "users": []
            },
            {
                  "name": "c++",
                  "description": "eski",
                  "modules_count": "5",
                  "price": 100,
                  "active_students": 0,
                  "create_date": "2023-12-16 09:10:18.615796",
                  "users": []
            },
            {
                  "name": "javascript",
                  "description": "frontend",
                  "modules_count": "9",
                  "price": 150,
                  "active_students": 1,
                  "create_date": "2023-12-16 09:43:02.431460",
                  "users": [
                        "sher7"
                  ]
            }
      ]
}