{
      "users": [
            {
                  "firstname": "sherzod",
                  "lastname": "shodiyev",
                  "username": "sher777",
                  "password": "123456",
                  "status": 0,
                  "balance": 9205
            },
            {
                  "firstname": "javlon",
                  "lastname": "hamidov",
                  "username": "javlon321",
                  "password": "654321",
                  "status": 1,
                  "balance": 20000
            },
            {
                  "firstname": "umid ",
                  "lastname": "amonov",
                  "username": "umid12",
                  "password": "123456",
                  "status": 0,
                  "balance": 10000
            },
            {
                  "firstname": "ogabek",
                  "lastname": "obidov",
                  "username": "awd",
                  "password": "123",
                  "status": 0,
                  "balance": 123
            },
            {
                  "firstname": "olim ",
                  "lastname": "raximov",
                  "username": "ogabek10",
                  "password": "101010",
                  "status": 0,
                  "balance": 0
            },
            {
                  "firstname": "sher",
                  "lastname": "asd",
                  "username": "sher7",
                  "password": "asdd",
                  "status": 0,
                  "balance": 9850
            }
      ]
}